Workbook

Sheet Register
A1: Risk register: AWS security lab (Projects 3 and 4)
A2: Built from real lab results on 2026-10-13. Scores are my judgments (see Method). Blue cells are inputs. Ratings recalculate from the bands on the Method sheet.
A4: ID | B4: Asset | C4: Risk | D4: Evidence from the lab | E4: Likelihood (1 to 5) | F4: Impact (1 to 5) | G4: Inherent score | H4: Inherent rating | I4: CSF 2.0 function | J4: CSF 2.0 category | K4: NIST 800-53 controls | L4: Treatment | M4: Treatment plan and reason | N4: Control status | O4: Owner | P4: Target likelihood | Q4: Target impact | R4: Target score | S4: Target rating
A5: R01 | B5: AWS lab account: S3 bucket | C5: A misconfiguration makes the bucket public and exposes its contents to anyone on the internet. | D5: Project 3: S3 Block Public Access was on for all four settings; an attempt to attach a public read policy was refused with AccessDenied and logged by CloudTrail as PutBucketPolicy. | E5: 3 | F5: 5 | G5: =E5*F5 -> 15 | H5: =IF(G5>Method!$B$21,"Critical",IF(G5>Method!$B$20,"High",IF(G5>Method!$B$19,"Medium","Low"))) -> Critical | I5: PROTECT | J5: PR.DS Data Security | K5: AC-3, AC-6, SC-7 | L5: Reduce | M5: Keep all four Block Public Access settings on at the account and bucket level. They sit above bucket policies and ACLs, so a bad policy cannot override them. | N5: Implemented and tested in lab | O5: Lab owner | P5: 1 | Q5: 5 | R5: =P5*Q5 -> 5 | S5: =IF(R5>Method!$B$21,"Critical",IF(R5>Method!$B$20,"High",IF(R5>Method!$B$19,"Medium","Low"))) -> Medium
A6: R02 | B6: IAM users: console sign in | C6: A console user without MFA is phished or password sprayed and the attacker signs in as that user. | D6: Project 4: the access review flagged test user ar-test-nomfa as High (console password enabled, no MFA device). | E6: 3 | F6: 4 | G6: =E6*F6 -> 12 | H6: =IF(G6>Method!$B$21,"Critical",IF(G6>Method!$B$20,"High",IF(G6>Method!$B$19,"Medium","Low"))) -> High | I6: PROTECT | J6: PR.AA Identity Management, Authentication and Access Control | K6: IA-2(1), IA-2(2), AC-2 | L6: Reduce | M6: Require MFA with a deny policy that allows only MFA setup until MFA is present. It was proven in the policy simulator. Apply it to every console user before any real use. | N6: Tested in simulator on a test user, not yet applied to real users | O6: Lab owner | P6: 1 | Q6: 4 | R6: =P6*Q6 -> 4 | S6: =IF(R6>Method!$B$21,"Critical",IF(R6>Method!$B$20,"High",IF(R6>Method!$B$19,"Medium","Low"))) -> Low
A7: R03 | B7: IAM policies | C7: A user is given broader permissions than the job needs and reads or changes data it should not touch. | D7: Project 3: a least privilege policy passed IAM Access Analyzer with zero findings. In the policy simulator 4 of 6 test actions were implicit denies without a single deny statement. | E7: 3 | F7: 4 | G7: =E7*F7 -> 12 | H7: =IF(G7>Method!$B$21,"Critical",IF(G7>Method!$B$20,"High",IF(G7>Method!$B$19,"Medium","Low"))) -> High | I7: PROTECT | J7: PR.AA Identity Management, Authentication and Access Control | K7: AC-6, AC-3 | L7: Reduce | M7: Write policies from the job outward, allow only listed actions and resources, and run Access Analyzer and the simulator before attaching. | N7: Implemented and tested in lab | O7: Lab owner | P7: 1 | Q7: 4 | R7: =P7*Q7 -> 4 | S7: =IF(R7>Method!$B$21,"Critical",IF(R7>Method!$B$20,"High",IF(R7>Method!$B$19,"Medium","Low"))) -> Low
A8: R04 | B8: IAM access keys | C8: A long lived access key goes unused or stale, stays active, and is later leaked or reused by an attacker. | D8: Project 4: with a simulated review date 99 days out, the review flagged ar-test-key twice (stale key over 90 days, key never used). That run used a simulated date and is labeled that way. | E8: 3 | F8: 4 | G8: =E8*F8 -> 12 | H8: =IF(G8>Method!$B$21,"Critical",IF(G8>Method!$B$20,"High",IF(G8>Method!$B$19,"Medium","Low"))) -> High | I8: PROTECT | J8: PR.AA Identity Management, Authentication and Access Control | K8: IA-5, AC-2, AC-2(3) | L8: Reduce | M8: Run the access review on a schedule, disable keys over 90 days or never used, and prefer roles over long lived keys. | N8: Detection built (audit_iam.py); disabling is a manual step | O8: Lab owner | P8: 2 | Q8: 3 | R8: =P8*Q8 -> 6 | S8: =IF(R8>Method!$B$21,"Critical",IF(R8>Method!$B$20,"High",IF(R8>Method!$B$19,"Medium","Low"))) -> Medium
A9: R05 | B9: Screenshots, posts and repo | C9: An AWS account ID, key, email or other sensitive value is published in a screenshot, video or repo file. | D9: Projects 3 and 4: ground rule to blur the account ID, keys and email before posting; audit_iam.py never prints the account ID; key output was discarded in the runbook commands. | E9: 3 | F9: 4 | G9: =E9*F9 -> 12 | H9: =IF(G9>Method!$B$21,"Critical",IF(G9>Method!$B$20,"High",IF(G9>Method!$B$19,"Medium","Low"))) -> High | I9: PROTECT | J9: PR.DS Data Security | K9: AC-22, AT-2 | L9: Reduce | M9: Use a pre post checklist, discard secret output in commands, and check every screenshot before it leaves the machine. | N9: Implemented as a manual checklist | O9: Lab owner | P9: 1 | Q9: 4 | R9: =P9*Q9 -> 4 | S9: =IF(R9>Method!$B$21,"Critical",IF(R9>Method!$B$20,"High",IF(R9>Method!$B$19,"Medium","Low"))) -> Low
A10: R06 | B10: AWS root account | C10: The root user is taken over because it lacks MFA or has access keys. | D10: Project 4: the baseline run reported zero findings, including the two root account checks (no MFA and root access key). This is the script's result; I did not verify root settings any other way. | E10: 2 | F10: 5 | G10: =E10*F10 -> 10 | H10: =IF(G10>Method!$B$21,"Critical",IF(G10>Method!$B$20,"High",IF(G10>Method!$B$19,"Medium","Low"))) -> High | I10: PROTECT | J10: PR.AA Identity Management, Authentication and Access Control | K10: AC-6, IA-2(1), AC-2 | L10: Reduce | M10: Keep MFA on root, keep root access keys deleted, use root only when a task requires it, and re run the review each cycle. | N10: Implemented; checked by audit_iam.py | O10: Lab owner | P10: 1 | Q10: 5 | R10: =P10*Q10 -> 5 | S10: =IF(R10>Method!$B$21,"Critical",IF(R10>Method!$B$20,"High",IF(R10>Method!$B$19,"Medium","Low"))) -> Medium
A11: R07 | B11: Lab data and employer systems | C11: Real employer, client or production data ends up in a personal lab account. | D11: Projects 3 and 4: every dataset was test data created for the lab. The README for each project states the scope. | E11: 2 | F11: 5 | G11: =E11*F11 -> 10 | H11: =IF(G11>Method!$B$21,"Critical",IF(G11>Method!$B$20,"High",IF(G11>Method!$B$19,"Medium","Low"))) -> High | I11: IDENTIFY | J11: ID.AM Asset Management | K11: RA-2, AC-22 | L11: Avoid | M11: Do not use real data in the lab at all. Test files and invented sample data only, and label invented data SYNTHETIC. | N11: Implemented as a rule | O11: Lab owner | P11: 1 | Q11: 5 | R11: =P11*Q11 -> 5 | S11: =IF(R11>Method!$B$21,"Critical",IF(R11>Method!$B$20,"High",IF(R11>Method!$B$19,"Medium","Low"))) -> Medium
A12: R08 | B12: S3 Block Public Access setting | C12: Someone, including me, switches Block Public Access off by mistake and the change goes unnoticed. | D12: Project 3: I switched all four settings off and back on in the lab, which showed how quick the change is in the console. | E12: 2 | F12: 5 | G12: =E12*F12 -> 10 | H12: =IF(G12>Method!$B$21,"Critical",IF(G12>Method!$B$20,"High",IF(G12>Method!$B$19,"Medium","Low"))) -> High | I12: DETECT | J12: DE.CM Continuous Monitoring | K12: CM-6, SI-4 | L12: Reduce | M12: Add a detective control for changes to the public access block setting, such as an AWS Config rule or a CloudTrail based alarm. | N12: Planned, not built | O12: Lab owner | P12: 1 | Q12: 5 | R12: =P12*Q12 -> 5 | S12: =IF(R12>Method!$B$21,"Critical",IF(R12>Method!$B$20,"High",IF(R12>Method!$B$19,"Medium","Low"))) -> Medium
A13: R09 | B13: CloudTrail logs | C13: Logging is turned off or logs are altered, so a later incident cannot be investigated. | D13: Project 3: CloudTrail recorded the refused PutBucketPolicy attempt with the error AccessDenied, which shows logging works today. | E13: 2 | F13: 4 | G13: =E13*F13 -> 8 | H13: =IF(G13>Method!$B$21,"Critical",IF(G13>Method!$B$20,"High",IF(G13>Method!$B$19,"Medium","Low"))) -> Medium | I13: PROTECT | J13: PR.PS Platform Security | K13: AU-2, AU-9 | L13: Reduce | M13: Keep the trail on, send logs to a separate protected bucket, and turn on log file validation. | N13: Trail working; separate bucket and validation planned | O13: Lab owner | P13: 1 | Q13: 4 | R13: =P13*Q13 -> 4 | S13: =IF(R13>Method!$B$21,"Critical",IF(R13>Method!$B$20,"High",IF(R13>Method!$B$19,"Medium","Low"))) -> Low
A14: R10 | B14: Security logs | C14: Logs exist but nobody reads them, so a real attack is missed. | D14: Project 3: CloudTrail recorded the refused PutBucketPolicy attempt, but a log only helps if someone reads it. | E14: 3 | F14: 3 | G14: =E14*F14 -> 9 | H14: =IF(G14>Method!$B$21,"Critical",IF(G14>Method!$B$20,"High",IF(G14>Method!$B$19,"Medium","Low"))) -> Medium | I14: DETECT | J14: DE.AE Adverse Event Analysis | K14: AU-6, SI-4 | L14: Reduce | M14: Set a review cadence and an alarm for the highest value events such as root sign in, failed policy changes and IAM changes. | N14: Planned, not built | O14: Lab owner | P14: 2 | Q14: 2 | R14: =P14*Q14 -> 4 | S14: =IF(R14>Method!$B$21,"Critical",IF(R14>Method!$B$20,"High",IF(R14>Method!$B$19,"Medium","Low"))) -> Low
A15: R11 | B15: MFA required policy | C15: The MFA deny policy blocks a non human user whose only credential is a long term access key, and an automated job fails. | D15: Project 4: the simulator test with no MFA information at all returned explicitDeny, because the policy uses BoolIfExists. | E15: 3 | F15: 3 | G15: =E15*F15 -> 9 | H15: =IF(G15>Method!$B$21,"Critical",IF(G15>Method!$B$20,"High",IF(G15>Method!$B$19,"Medium","Low"))) -> Medium | I15: PROTECT | J15: PR.AA Identity Management, Authentication and Access Control | K15: AC-2, CM-3 | L15: Reduce | M15: Attach the policy to a group for human users only and move automation to roles with temporary credentials. Test in the simulator before attaching to anyone. | N15: Known limit documented in the Project 4 README | O15: Lab owner | P15: 1 | Q15: 3 | R15: =P15*Q15 -> 3 | S15: =IF(R15>Method!$B$21,"Critical",IF(R15>Method!$B$20,"High",IF(R15>Method!$B$19,"Medium","Low"))) -> Low
A16: R12 | B16: Test users and policies | C16: Test users, passwords or keys are left behind after a lab and widen the attack surface. | D16: Project 4: cleanup commands removed both test users, their key and the lab policy, and the list commands afterward printed nothing. | E16: 2 | F16: 3 | G16: =E16*F16 -> 6 | H16: =IF(G16>Method!$B$21,"Critical",IF(G16>Method!$B$20,"High",IF(G16>Method!$B$19,"Medium","Low"))) -> Medium | I16: IDENTIFY | J16: ID.AM Asset Management | K16: CM-8, AC-2 | L16: Reduce | M16: Write the cleanup commands before building, run them when the lab ends, and verify with list commands. | N16: Implemented and verified for Project 4 | O16: Lab owner | P16: 1 | Q16: 3 | R16: =P16*Q16 -> 3 | S16: =IF(R16>Method!$B$21,"Critical",IF(R16>Method!$B$20,"High",IF(R16>Method!$B$19,"Medium","Low"))) -> Low
... A18: R14 | B18: Lab operations | C18: One person builds, runs and reviews everything, so mistakes are not caught by a second set of eyes. | D18: Projects 3 and 4: one operator for every step. Evidence was captured from real output so a reader can check it. | E18: 4 | F18: 2 | G18: =E18*F18 -> 8 | H18: =IF(G18>Method!$B$21,"Critical",IF(G18>Method!$B$20,"High",IF(G18>Method!$B$19,"Medium","Low"))) -> Medium | I18: GOVERN | J18: GV.RR Roles, Responsibilities and Authorities | K18: AC-5 | L18: Accept | M18: Accepted for a personal lab. Compensate by keeping evidence, publishing the method and inviting outside review. A real program would split build and review duties. | N18: Accepted | O18: Lab owner | P18: 4 | Q18: 2 | R18: =P18*Q18 -> 8 | S18: =IF(R18>Method!$B$21,"Critical",IF(R18>Method!$B$20,"High",IF(R18>Method!$B$19,"Medium","Low"))) -> Medium
B20: Summary | C20: Count by rating | E20: Inherent | F20: Target
C21: Critical | E21: =COUNTIF($H$5:$H$18,C21) -> 1 | F21: =COUNTIF($S$5:$S$18,C21) -> 0
C22: High | E22: =COUNTIF($H$5:$H$18,C22) -> 7 | F22: =COUNTIF($S$5:$S$18,C22) -> 0
C23: Medium | E23: =COUNTIF($H$5:$H$18,C23) -> 5 | F23: =COUNTIF($S$5:$S$18,C23) -> 6
C24: Low | E24: =COUNTIF($H$5:$H$18,C24) -> 1 | F24: =COUNTIF($S$5:$S$18,C24) -> 8
C25: Total risks | E25: =SUM(E21:E24) -> 14 | F25: =SUM(F21:F24) -> 14
C27: Treatment count
C28: Reduce | E28: =COUNTIF($L$5:$L$18,C28) -> 12
C29: Accept | E29: =COUNTIF($L$5:$L$18,C29) -> 1
C30: Avoid | E30: =COUNTIF($L$5:$L$18,C30) -> 1
C31: Transfer | E31: =COUNTIF($L$5:$L$18,C31) -> 0

Sheet Method
A1: Method and scales
A3: Likelihood scale (1 to 5)
A4: 1 | B4: Rare | C4: Would need an unusual combination of events in this lab
A5: 2 | B5: Unlikely | C5: Possible but not expected in a year
A6: 3 | B6: Possible | C6: Could happen in a year with ordinary mistakes
A7: 4 | B7: Likely | C7: Expected to happen during a year
A8: 5 | B8: Almost certain | C8: Happens repeatedly
A10: Impact scale (1 to 5)
A11: 1 | B11: Minimal | C11: No lasting effect, easy to redo
A12: 2 | B12: Minor | C12: Some rework or a short delay
A13: 3 | B13: Moderate | C13: Lab data or a project is lost or a job fails
A14: 4 | B14: Major | C14: Credentials or private data exposed in the lab
A15: 5 | B15: Severe | C15: Full account exposure or public data exposure
A17: Rating bands (score = likelihood x impact)
A18: Band | B18: Highest score in band
A19: Low | B19: 4
A20: Medium | B20: 9
A21: High | B21: 14
A22: Critical | B22: 25
A24: Notes and assumptions
A25: 1. Scope: one personal AWS lab account used in Projects 3 and 4. No production systems, no employer data.
A26: 2. Likelihood and impact are my own judgments for a single owner lab. They are not measured values.
A27: 3. Evidence comes from the real runs of Projects 3 and 4. Anything marked planned has not been built.
A28: 4. Target score is the score I expect after the treatment is in place. It is an estimate, not a test result.
A29: 5. Owner is the lab owner for every risk because one person runs this lab.
A30: 6. Blue cells are inputs you can change. Scores, ratings and the heat map counts recalculate.
A31: 7. Transfer is not used. A personal lab has no third party to carry the risk.
A32: 8. Control mappings are my study mappings to NIST CSF 2.0 and SP 800-53 Rev. 5, not an official crosswalk.

Sheet Heat map
A1: Likelihood by impact heat map (counts of risks per cell)
A3: Inherent (before treatment) | I3: Target (after planned treatment)
A4: Impact | I4: Impact
A5: 5 | B5: =COUNTIFS(Register!$E$5:$E$18,1,Register!$F$5:$F$18,5) -> 0 | C5: =COUNTIFS(Register!$E$5:$E$18,2,Register!$F$5:$F$18,5) -> 3 | D5: =COUNTIFS(Register!$E$5:$E$18,3,Register!$F$5:$F$18,5) -> 1 | E5: =COUNTIFS(Register!$E$5:$E$18,4,Register!$F$5:$F$18,5) -> 0 | F5: =COUNTIFS(Register!$E$5:$E$18,5,Register!$F$5:$F$18,5) -> 0 | I5: 5 | J5: =COUNTIFS(Register!$P$5:$P$18,1,Register!$Q$5:$Q$18,5) -> 4 | K5: =COUNTIFS(Register!$P$5:$P$18,2,Register!$Q$5:$Q$18,5) -> 0 | L5: =COUNTIFS(Register!$P$5:$P$18,3,Register!$Q$5:$Q$18,5) -> 0 | M5: =COUNTIFS(Register!$P$5:$P$18,4,Register!$Q$5:$Q$18,5) -> 0 | N5: =COUNTIFS(Register!$P$5:$P$18,5,Register!$Q$5:$Q$18,5) -> 0
A6: 4 | B6: =COUNTIFS(Register!$E$5:$E$18,1,Register!$F$5:$F$18,4) -> 0 | C6: =COUNTIFS(Register!$E$5:$E$18,2,Register!$F$5:$F$18,4) -> 1 | D6: =COUNTIFS(Register!$E$5:$E$18,3,Register!$F$5:$F$18,4) -> 4 | E6: =COUNTIFS(Register!$E$5:$E$18,4,Register!$F$5:$F$18,4) -> 0 | F6: =COUNTIFS(Register!$E$5:$E$18,5,Register!$F$5:$F$18,4) -> 0 | I6: 4 | J6: =COUNTIFS(Register!$P$5:$P$18,1,Register!$Q$5:$Q$18,4) -> 4 | K6: =COUNTIFS(Register!$P$5:$P$18,2,Register!$Q$5:$Q$18,4) -> 0 | L6: =COUNTIFS(Register!$P$5:$P$18,3,Register!$Q$5:$Q$18,4) -> 0 | M6: =COUNTIFS(Register!$P$5:$P$18,4,Register!$Q$5:$Q$18,4) -> 0 | N6: =COUNTIFS(Register!$P$5:$P$18,5,Register!$Q$5:$Q$18,4) -> 0
A7: 3 | B7: =COUNTIFS(Register!$E$5:$E$18,1,Register!$F$5:$F$18,3) -> 0 | C7: =COUNTIFS(Register!$E$5:$E$18,2,Register!$F$5:$F$18,3) -> 1 | D7: =COUNTIFS(Register!$E$5:$E$18,3,Register!$F$5:$F$18,3) -> 2 | E7: =COUNTIFS(Register!$E$5:$E$18,4,Register!$F$5:$F$18,3) -> 0 | F7: =COUNTIFS(Register!$E$5:$E$18,5,Register!$F$5:$F$18,3) -> 0 | I7: 3 | J7: =COUNTIFS(Register!$P$5:$P$18,1,Register!$Q$5:$Q$18,3) -> 2 | K7: =COUNTIFS(Register!$P$5:$P$18,2,Register!$Q$5:$Q$18,3) -> 1 | L7: =COUNTIFS(Register!$P$5:$P$18,3,Register!$Q$5:$Q$18,3) -> 0 | M7: =COUNTIFS(Register!$P$5:$P$18,4,Register!$Q$5:$Q$18,3) -> 0 | N7: =COUNTIFS(Register!$P$5:$P$18,5,Register!$Q$5:$Q$18,3) -> 0
A8: 2 | B8: =COUNTIFS(Register!$E$5:$E$18,1,Register!$F$5:$F$18,2) -> 0 | C8: =COUNTIFS(Register!$E$5:$E$18,2,Register!$F$5:$F$18,2) -> 1 | D8: =COUNTIFS(Register!$E$5:$E$18,3,Register!$F$5:$F$18,2) -> 0 | E8: =COUNTIFS(Register!$E$5:$E$18,4,Register!$F$5:$F$18,2) -> 1 | F8: =COUNTIFS(Register!$E$5:$E$18,5,Register!$F$5:$F$18,2) -> 0 | I8: 2 | J8: =COUNTIFS(Register!$P$5:$P$18,1,Register!$Q$5:$Q$18,2) -> 1 | K8: =COUNTIFS(Register!$P$5:$P$18,2,Register!$Q$5:$Q$18,2) -> 1 | L8: =COUNTIFS(Register!$P$5:$P$18,3,Register!$Q$5:$Q$18,2) -> 0 | M8: =COUNTIFS(Register!$P$5:$P$18,4,Register!$Q$5:$Q$18,2) -> 1 | N8: =COUNTIFS(Register!$P$5:$P$18,5,Register!$Q$5:$Q$18,2) -> 0
A9: 1 | B9: =COUNTIFS(Register!$E$5:$E$18,1,Register!$F$5:$F$18,1) -> 0 | C9: =COUNTIFS(Register!$E$5:$E$18,2,Register!$F$5:$F$18,1) -> 0 | D9: =COUNTIFS(Register!$E$5:$E$18,3,Register!$F$5:$F$18,1) -> 0 | E9: =COUNTIFS(Register!$E$5:$E$18,4,Register!$F$5:$F$18,1) -> 0 | F9: =COUNTIFS(Register!$E$5:$E$18,5,Register!$F$5:$F$18,1) -> 0 | I9: 1 | J9: =COUNTIFS(Register!$P$5:$P$18,1,Register!$Q$5:$Q$18,1) -> 0 | K9: =COUNTIFS(Register!$P$5:$P$18,2,Register!$Q$5:$Q$18,1) -> 0 | L9: =COUNTIFS(Register!$P$5:$P$18,3,Register!$Q$5:$Q$18,1) -> 0 | M9: =COUNTIFS(Register!$P$5:$P$18,4,Register!$Q$5:$Q$18,1) -> 0 | N9: =COUNTIFS(Register!$P$5:$P$18,5,Register!$Q$5:$Q$18,1) -> 0
B10: 1 | C10: 2 | D10: 3 | E10: 4 | F10: 5 | J10: 1 | K10: 2 | L10: 3 | M10: 4 | N10: 5
B11: Likelihood | J11: Likelihood
A14: Cell colours follow the fixed bands on the Method sheet: Low up to 4, Medium up to 9, High up to 14, Critical 15 and above. If you change a band limit on the Method sheet, update the fills as well.
