Workbook

Sheet Rubric
A1: Scoring rubric for the vendor security questionnaire
A3: Risk score for each answer
A4: Score | B4: Meaning
A5: 0 | B5: In place, and the vendor gave evidence (report, policy, screenshot)
A6: 1 | B6: In place according to the vendor, but no evidence yet
A7: 2 | B7: Partly in place, or in place but weaker than our requirement
A8: 3 | B8: Not in place, or no answer
A10: Weights
A11: 3 | B11: Critical for protecting our data
A12: 2 | B12: Important
A13: 1 | B13: Good practice
A15: Rating bands (weighted risk share = weighted points divided by the maximum possible points)
A16: Band | B16: Highest risk share in band
A17: Low | B17: 0.25
A18: Medium | B18: 0.5
A19: High | B19: 1
A21: Gating questions
B22: Four questions are gating: Q10 (MFA for administrators), Q13 (encryption at rest), Q14 (encryption in transit) and Q25 (incident notice within 72 hours). If any gating question scores 3, the vendor is rated High no matter what the weighted share says, until the gap is closed in the contract or by remediation.
A24: Notes and assumptions
A25: 1. The vendor in the Assessment sheet is fictional. Every answer was invented by me for this exercise. It is not based on any real company.
A26: 2. Weights, bands and gating questions are my own choices for a mid sized company buying a cloud analytics service that holds internal business data.
A27: 3. Control mappings are my study mappings to NIST CSF 2.0 and SP 800-53 Rev. 5, not an official crosswalk.
A28: 4. A real assessment would also look at the evidence itself, not only the answers, and would weigh the sensitivity of the data the vendor will hold.
A29: 5. Blue cells are inputs. Change a score, weight or band limit and every total recalculates.

Sheet Questionnaire
A1: Vendor security questionnaire (30 questions across the six NIST CSF 2.0 functions)
A2: Send this sheet to a vendor. They fill in the answer and evidence columns. Score the answers on the Assessment sheet using the Rubric. The Assessment sheet is a worked example with a fictional vendor.
A4: ID | B4: CSF 2.0 function | C4: CSF 2.0 category | D4: Question | E4: Weight | F4: Gating | G4: NIST 800-53 | H4: Vendor answer | I4: Evidence provided
A5: Q01 | B5: GOVERN | C5: GV.PO Policy | D5: Do you maintain a written information security policy that management approves and reviews at least once a year? | E5: 2 | F5: No | G5: PL-1
A6: Q02 | B6: GOVERN | C6: GV.RR Roles and Responsibilities | D6: Is one named person accountable for security, with a direct line to executive leadership? | E6: 2 | F6: No | G6: PM-2
A7: Q03 | B7: GOVERN | C7: GV.SC Supply Chain Risk Management | D7: Do you assess the security of your own critical suppliers and subprocessors, and give customers a current list of them? | E7: 3 | F7: No | G7: SR-6
A8: Q04 | B8: GOVERN | C8: GV.OV Oversight | D8: Do you hold an independent assurance report for this service (SOC 2 Type II or ISO 27001) issued in the last 12 months? | E8: 3 | F8: No | G8: CA-2
A9: Q05 | B9: GOVERN | C9: GV.RM Risk Management Strategy | D9: Do you run a formal risk assessment at least once a year and track the risks until they are closed? | E9: 2 | F9: No | G9: RA-3
A10: Q06 | B10: IDENTIFY | C10: ID.AM Asset Management | D10: Do you keep an inventory of the systems and data stores that hold customer data? | E10: 2 | F10: No | G10: CM-8
A11: Q07 | B11: IDENTIFY | C11: ID.AM Asset Management | D11: Will you store and process our data only in the regions we agree on, and tell us where it is? | E11: 2 | F11: No | G11: SA-9
A12: Q08 | B12: IDENTIFY | C12: ID.RA Risk Assessment | D12: Do you scan for vulnerabilities at least monthly and fix critical findings within a set time? | E12: 3 | F12: No | G12: RA-5
A13: Q09 | B13: IDENTIFY | C13: ID.IM Improvement | D13: Do you run an independent penetration test at least once a year and share a summary with customers? | E13: 2 | F13: No | G13: CA-8
A14: Q10 | B14: PROTECT | C14: PR.AA Identity Management, Authentication and Access Control | D14: Is multi factor authentication required for all administrator and privileged access to production? | E14: 3 | F14: Yes | G14: IA-2(1)
A15: Q11 | B15: PROTECT | C15: PR.AA Identity Management, Authentication and Access Control | D15: Does the service support multi factor authentication and single sign on for our users? | E15: 2 | F15: No | G15: IA-2
A16: Q12 | B16: PROTECT | C16: PR.AA Identity Management, Authentication and Access Control | D16: Is staff access to customer data limited by role, reviewed at least quarterly, and removed within 24 hours when someone leaves? | E16: 3 | F16: No | G16: AC-2
... A34: Q30 | B34: RECOVER | C34: RC.CO Incident Recovery Communication | D34: Do you tell customers about outages and recovery progress through a status page and direct updates? | E34: 1 | F34: No | G34: IR-6

Sheet Assessment
A1: Vendor assessment: Tallgrass Cloud Analytics (FICTIONAL vendor)
A2: Worked example. The vendor and every answer are invented by me. Scores are my judgments using the Rubric. Blue cells are inputs.
A5: Weighted risk points | D5: =SUM($J$16:$J$45) -> 94
A6: Maximum possible points | D6: =SUM($K$16:$K$45) -> 207
A7: Weighted risk share | D7: =D5/D6 -> 0.45410628
A8: Band from the weighted share | D8: =IF(D7>Rubric!$B$18,"High",IF(D7>Rubric!$B$17,"Medium","Low")) -> Medium
A9: Gating questions scored 3 | D9: =COUNTIFS($F$16:$F$45,"Yes",$I$16:$I$45,3) -> 1
A10: Final band (gating rule applied) | D10: =IF(D9>0,"High",D8) -> High
A11: Recommendation | D11: =IF(D10="High","Do not approve as written. Approve only if the must have contract conditions are accepted.",IF(D10="Medium","Approve with the contract conditions listed.","Approve.")) -> Do not approve as written. Approve only if the must have contract conditions are accepted.
A13: Questions scored 3 (not in place or no answer) | D13: =COUNTIF($I$16:$I$45,3) -> 2
A15: ID | B15: CSF 2.0 function | C15: CSF 2.0 category | D15: Question | E15: Weight | F15: Gating | G15: NIST 800-53 | H15: Vendor answer (fictional) | I15: Risk score (0 to 3) | J15: Weighted points | K15: Maximum points
A16: Q01 | B16: GOVERN | C16: GV.PO Policy | D16: Do you maintain a written information security policy that management approves and reviews at least once a year? | E16: 2 | F16: No | G16: PL-1 | H16: Yes. Policy v4.2 approved by the head of security, last reviewed 8 months ago. Copy provided. | I16: 0 | J16: =E16*I16 -> 0 | K16: =E16*3 -> 6
A17: Q02 | B17: GOVERN | C17: GV.RR Roles and Responsibilities | D17: Is one named person accountable for security, with a direct line to executive leadership? | E17: 2 | F17: No | G17: PM-2 | H17: Yes. Our head of security owns the program and reports to the CTO. | I17: 1 | J17: =E17*I17 -> 2 | K17: =E17*3 -> 6
A18: Q03 | B18: GOVERN | C18: GV.SC Supply Chain Risk Management | D18: Do you assess the security of your own critical suppliers and subprocessors, and give customers a current list of them? | E18: 3 | F18: No | G18: SR-6 | H18: We list our hosting provider. Other subprocessors are reviewed informally and the list is not published. | I18: 2 | J18: =E18*I18 -> 6 | K18: =E18*3 -> 9
A19: Q04 | B19: GOVERN | C19: GV.OV Oversight | D19: Do you hold an independent assurance report for this service (SOC 2 Type II or ISO 27001) issued in the last 12 months? | E19: 3 | F19: No | G19: CA-2 | H19: We hold a SOC 2 Type I report. The Type II audit window is open and the report is expected next quarter. | I19: 2 | J19: =E19*I19 -> 6 | K19: =E19*3 -> 9
A20: Q05 | B20: GOVERN | C20: GV.RM Risk Management Strategy | D20: Do you run a formal risk assessment at least once a year and track the risks until they are closed? | E20: 2 | F20: No | G20: RA-3 | H20: Yes. We assess annually and track risks in a spreadsheet. We have not shared the register. | I20: 1 | J20: =E20*I20 -> 2 | K20: =E20*3 -> 6
A21: Q06 | B21: IDENTIFY | C21: ID.AM Asset Management | D21: Do you keep an inventory of the systems and data stores that hold customer data? | E21: 2 | F21: No | G21: CM-8 | H21: Yes, maintained by the platform team. Not provided yet. | I21: 1 | J21: =E21*I21 -> 2 | K21: =E21*3 -> 6
A22: Q07 | B22: IDENTIFY | C22: ID.AM Asset Management | D22: Will you store and process our data only in the regions we agree on, and tell us where it is? | E22: 2 | F22: No | G22: SA-9 | H22: Yes. United States regions only, documented in our data processing addendum. Copy provided. | I22: 0 | J22: =E22*I22 -> 0 | K22: =E22*3 -> 6
A23: Q08 | B23: IDENTIFY | C23: ID.RA Risk Assessment | D23: Do you scan for vulnerabilities at least monthly and fix critical findings within a set time? | E23: 3 | F23: No | G23: RA-5 | H23: Monthly scans. Critical findings are fixed within 30 days. | I23: 2 | J23: =E23*I23 -> 6 | K23: =E23*3 -> 9
A24: Q09 | B24: IDENTIFY | C24: ID.IM Improvement | D24: Do you run an independent penetration test at least once a year and share a summary with customers? | E24: 2 | F24: No | G24: CA-8 | H24: Annual test. The last one was 14 months ago. We share an executive summary under NDA. | I24: 2 | J24: =E24*I24 -> 4 | K24: =E24*3 -> 6
A25: Q10 | B25: PROTECT | C25: PR.AA Identity Management, Authentication and Access Control | D25: Is multi factor authentication required for all administrator and privileged access to production? | E25: 3 | F25: Yes | G25: IA-2(1) | H25: Yes, enforced for all administrators. Screenshot of the policy provided. | I25: 0 | J25: =E25*I25 -> 0 | K25: =E25*3 -> 9
A26: Q11 | B26: PROTECT | C26: PR.AA Identity Management, Authentication and Access Control | D26: Does the service support multi factor authentication and single sign on for our users? | E26: 2 | F26: No | G26: IA-2 | H26: Single sign on is available on the enterprise tier only. MFA is optional for customer users. | I26: 2 | J26: =E26*I26 -> 4 | K26: =E26*3 -> 6
A27: Q12 | B27: PROTECT | C27: PR.AA Identity Management, Authentication and Access Control | D27: Is staff access to customer data limited by role, reviewed at least quarterly, and removed within 24 hours when someone leaves? | E27: 3 | F27: No | G27: AC-2 | H27: Roles and quarterly reviews are in place. Removal after departure takes up to 3 business days. | I27: 2 | J27: =E27*I27 -> 6 | K27: =E27*3 -> 9
... A45: Q30 | B45: RECOVER | C45: RC.CO Incident Recovery Communication | D45: Do you tell customers about outages and recovery progress through a status page and direct updates? | E45: 1 | F45: No | G45: IR-6 | H45: Yes. Public status page and email updates. Example provided. | I45: 0 | J45: =E45*I45 -> 0 | K45: =E45*3 -> 3

Sheet By function
A1: Risk by CSF 2.0 function (fictional vendor)
A3: Function | B3: Weighted points | C3: Maximum points | D3: Risk share | E3: Band
A4: GOVERN | B4: =SUMIF(Assessment!$B$16:$B$45,A4,Assessment!$J$16:$J$45) -> 16 | C4: =SUMIF(Assessment!$B$16:$B$45,A4,Assessment!$K$16:$K$45) -> 36 | D4: =B4/C4 -> 0.44444444 | E4: =IF(D4>Rubric!$B$18,"High",IF(D4>Rubric!$B$17,"Medium","Low")) -> Medium
A5: IDENTIFY | B5: =SUMIF(Assessment!$B$16:$B$45,A5,Assessment!$J$16:$J$45) -> 12 | C5: =SUMIF(Assessment!$B$16:$B$45,A5,Assessment!$K$16:$K$45) -> 27 | D5: =B5/C5 -> 0.44444444 | E5: =IF(D5>Rubric!$B$18,"High",IF(D5>Rubric!$B$17,"Medium","Low")) -> Medium
A6: PROTECT | B6: =SUMIF(Assessment!$B$16:$B$45,A6,Assessment!$J$16:$J$45) -> 24 | C6: =SUMIF(Assessment!$B$16:$B$45,A6,Assessment!$K$16:$K$45) -> 75 | D6: =B6/C6 -> 0.32 | E6: =IF(D6>Rubric!$B$18,"High",IF(D6>Rubric!$B$17,"Medium","Low")) -> Medium
A7: DETECT | B7: =SUMIF(Assessment!$B$16:$B$45,A7,Assessment!$J$16:$J$45) -> 12 | C7: =SUMIF(Assessment!$B$16:$B$45,A7,Assessment!$K$16:$K$45) -> 21 | D7: =B7/C7 -> 0.57142857 | E7: =IF(D7>Rubric!$B$18,"High",IF(D7>Rubric!$B$17,"Medium","Low")) -> High
A8: RESPOND | B8: =SUMIF(Assessment!$B$16:$B$45,A8,Assessment!$J$16:$J$45) -> 19 | C8: =SUMIF(Assessment!$B$16:$B$45,A8,Assessment!$K$16:$K$45) -> 30 | D8: =B8/C8 -> 0.63333333 | E8: =IF(D8>Rubric!$B$18,"High",IF(D8>Rubric!$B$17,"Medium","Low")) -> High
A9: RECOVER | B9: =SUMIF(Assessment!$B$16:$B$45,A9,Assessment!$J$16:$J$45) -> 11 | C9: =SUMIF(Assessment!$B$16:$B$45,A9,Assessment!$K$16:$K$45) -> 18 | D9: =B9/C9 -> 0.61111111 | E9: =IF(D9>Rubric!$B$18,"High",IF(D9>Rubric!$B$17,"Medium","Low")) -> High
A10: Total | B10: =SUM(B4:B9) -> 94 | C10: =SUM(C4:C9) -> 207 | D10: =B10/C10 -> 0.45410628 | E10: =IF(D10>Rubric!$B$18,"High",IF(D10>Rubric!$B$17,"Medium","Low")) -> Medium

Sheet Contract clauses
A1: Contract clauses I would require (fictional vendor)
A2: Not legal advice. These are the clauses I would ask a lawyer to put in the agreement, each tied to a finding.
A4: ID | B4: Clause | C4: Why | D4: Questions | E4: Priority
A5: C1 | B5: Security incident notice within 72 hours of confirmation, with a named contact and regular updates until closed. | C5: Their standard terms allow 7 days. This is the one gating failure. | D5: Q25, Q26 | E5: Must have
A6: C2 | B6: Delivery of a SOC 2 Type II report within 6 months of signing, and every year after. Right to terminate if it is not delivered or has qualified findings. | C6: Only a Type I report exists today. Type I shows design, not that controls worked over time. | D6: Q04 | E6: Must have
A7: C3 | B7: Right to audit: customer may request evidence of controls once a year and may use an independent assessor after a security incident. | C7: Many answers are stated but not evidenced. | D7: Q05, Q06, Q15, Q16, Q18, Q23 | E7: Must have
A8: C4 | B8: Data return in a usable format within 30 days of contract end, deletion within 30 days after that, and a signed deletion certificate. | C8: Deletion takes up to 90 days with no certificate. | D8: Q20 | E8: Must have
A9: C5 | B9: Subprocessor list kept current, 30 days notice of any change, and the same security terms passed to every subprocessor. | C9: The list is not published and fourth party reviews are informal. | D9: Q03 | E9: Must have
A10: C6 | B10: Minimum security terms: MFA for all privileged access, encryption at rest and in transit, and log retention of at least 90 days. | C10: Log retention is 30 days. MFA and encryption are already in place and should be locked in. | D10: Q10, Q13, Q14, Q21 | E10: Should have
A11: C7 | B11: Annual disaster recovery test with results shared, and a recovery time of 24 hours or better. | C11: No restore test in the last 12 months. | D11: Q28, Q29 | E11: Should have
A12: C8 | B12: Penetration test summary shared every year, with critical findings fixed within 15 days. | C12: The last test is 14 months old and critical fixes can take 30 days. | D12: Q08, Q09 | E12: Should have
A13: C9 | B13: Customer data held only in agreed United States regions, with no production data in non production systems. | C13: Support staging sometimes holds production samples. | D13: Q07, Q19 | E13: Should have
A14: C10 | B14: Right to terminate for material security failure, and vendor liability that covers the costs of a breach it causes. | C14: Gives the customer a way out and shifts breach costs to the party that controls the risk. | D14: All gating questions | E14: Should have
